year,revenue,checks,guests,aov,revenue_yoy_pct,checks_yoy_pct,guests_yoy_pct,aov_yoy_pct,revenue_plan_vs_fact
2025,24904609.8075,6498,12250,3832.6577112188365,,,,,NaN
2026,23079196.9485,6386,11704,3614.0302142968994,-7.3296183843453715,-1.7236072637734634,-4.457142857142859,-5.7043313907729765,88.7%
