channel,revenue_plan,revenue_fact,plan_fact_pct
Aggregator,3476689.5500000003,3412456.75,98.15
Banquet,2890000.0,1708293.45,59.11
Delivery,1791283.2,2305561.9299999997,128.71
Pickup,767692.8000000003,605997.725,78.94
Restaurant,17094174.05,15046887.093500001,88.02
Total,26019839.6,23079196.9485,88.7
